Name,Lat,Lon
AG,31.985,118.795
AGAVO,37.1666666667,124.0
AGOBA,1.97833333333,108.5
AGPOR,20.3066666667,110.231666667
AGSON,2.25,114.856666667
AHGUS,20.8033333333,113.083333333
AKARA,31.5,123.5
AKERO,20.045,116.708333333
AKOMA,34.6933333333,114.745
AKOTO,29.625,119.651666667
AL,18.315,109.508333333
ALARA,38.5616666667,120.551666667
ALDIN,9.115,123.3
ALEMO,2.76333333333,113.571666667
AM,24.9533333333,102.718333333
AMANY,22.7966666667,95.975
AND,30.255,121.22
ANDEN,7.69,111.26
ANDIN,41.0780555556,118.714444444
ANIKU,46.025,108.9
ANIMU,5.53666666667,125.266666667
ANOLO,40.1083333333,114.0
ANRAT,38.6583333333,119.956111111
ANSUK,41.2416666667,124.183333333
AOTOU,22.7166666667,114.531944444
APITO,29.5833333333,124.0
APOGO,37.9316666667,110.651666667
APPLE,20.6880555556,115.638333333
APUKI,22.795,113.456666667
AQ,38.7041666667,116.301111111
AR,36.725,116.916666667
ARGAT,46.6083333333,109.58
ARGUK,47.8833333333,134.658333333
AROGU,9.78305555556,108.205277778
ARUPA,0.528333333333,108.813333333
ASAVA,31.8133333333,121.885
ASISU,5.985,113.346666667
ASSAD,18.3416666667,107.681666667
ASTRA,22.2744444444,115.193055556
ASUKI,43.3,129.766666667
ATASI,41.165,118.668333333
ATETI,1.42833333333,108.5
ATKON,40.7833333333,124.053333333
ATODO,43.8083333333,129.02
ATORA,8.39666666667,110.34
ATVES,41.4,114.666666667
AV,30.6216666667,103.97
AW,43.8533333333,125.098333333
AX,42.8944444444,129.563611111
AZSNJ,31.985,118.795
BADAL,40.3416666667,115.936666667
BAILY,22.0825,113.848888889
BAKER,21.2172222222,114.651944444
BAOSH,17.0,113.308333333
BATAN,30.0083333333,99.1
BAV,40.5583333333,109.996666667
BAXAL,4.03833333333,117.976666667
BC,16.6666666667,112.725
BEDAD,25.75,110.583333333
BEDOG,41.46,118.506666667
BEGMO,28.0,121.833333333
BEGRI,40.1083333333,114.5
BEIAH,40.0805555556,116.116666667
BEKOL,22.5433333333,114.133333333
BEMAG,26.0216666667,114.003333333
BEZ,39.506,116.23
BG,37.7194444444,112.676666667
BH,23.0713888889,112.484444444
BHS,30.51,104.201666667
BHY,21.585,109.433333333
BIDOR,4.0,131.5
BIDRU,22.7183333333,100.965
BIGRO,21.57,111.826666667
BIPOP,23.3433333333,111.141666667
BISUN,43.2333333333,131.196666667
BJACC,38.5,114.666666667
BJZ,40.0561111111,113.491388889
BK,29.8966666667,121.333333333
BLH,46.8816666667,74.9816666667
BM,39.6416666667,121.72
BO,30.36,120.305
BOBAK,39.1263888889,116.404861111
BOBOB,2.36833333333,107.1
BOKAT,22.0369444444,113.0
BOLUG,4.0,130.776666667
BOMAT,44.675,124.376666667
BONDA,2.0,124.853333333
BOT,38.1,116.566666667
BREAM,21.7794444444,114.057777778
BRU,4.87527777778,114.8825
BS,35.4183333333,114.216666667
BSD,25.0583333333,99.1716666667
BSE,23.9,106.648333333
BTO,38.1066666667,116.576666667
BU,3.18333333333,113.033333333
BUBDA,25.8783333333,113.468333333
BUNTA,16.8333333333,109.395
BURIA,5.66166666667,125.143055556
BUTAX,4.43666666667,114.875
BUTET,43.6816666667,124.296666667
BUTID,43.6233333333,127.283333333
BW,29.4347222222,115.7625
BZ,28.1,119.56
CAB,15.4633333333,120.98
CABLE,21.1447222222,113.541388889
CAIYU,39.6377777778,116.572222222
CALMA,14.3152777778,121.259722222
CAN,23.1744444444,113.257777778
CAT,31.2216666667,121.335
CAVOI,17.225,110.0
CC,22.2033333333,114.026666667
CD,40.0016666667,115.8
CDY,40.5768888889,117.224861111
CF,35.9522222222,120.231944444
CG,39.0783333333,117.371666667
CGO,34.5166666667,113.841666667
CGQ,43.8983333333,125.188333333
CH,22.22,114.03
CHAKA,36.7916666667,99.0833333333
CHERY,20.3802777778,115.0825
CHF,42.1883333333,118.81
CHG,41.5383333333,120.431666667
CHW,39.8583333333,98.3483333333
CK,34.0533333333,117.465
CKG,29.7233333333,106.645
CL,29.6333333333,119.416666667
CLAMS,19.2994444444,112.719444444
CM,25.8333333333,114.916666667
CO,36.4016666667,94.8816666667
COT,7.16666666667,124.208333333
CP,28.4155555556,117.967777778
CSX,28.205,113.215
CTU,30.5733333333,103.941666667
CU,40.125,116.368333333
CW,26.5366666667,112.846666667
CX,37.66,120.539444444
CZ,29.7644444444,119.657777778
CZH,30.6466666667,103.685
D,40.0633333333,116.575
DA,30.6966666667,113.971666667
DABMA,41.4216666667,118.545
DABOX,38.6,122.0
DACHG,38.6916666667,116.62
DADAT,30.45,121.246666667
DAGMO,27.4366666667,119.556666667
DAGON,19.0883333333,111.865
DAL,25.645,110.325
DALBA,14.5666666667,111.925
DALIM,36.41,117.211666667
DALUD,39.8475,116.568055556
DALUE,39.8604166667,116.580055556
DAO,7.13138888889,125.653611111
DAPRO,29.2533333333,113.646666667
DARAN,38.1983333333,107.75
DARMU,4.02833333333,112.676666667
DAX,31.1566666667,107.44
DCH,30.5566666667,97.11
DDG,40.2583333333,124.29
DF,39.9516666667,124.225
DHN,41.6433333333,122.115
DIAMO,8.785,124.413333333
DINAR,46.0666666667,121.933333333
DINGL,40.2833333333,116.225
DJ,30.3969444444,109.517222222
DK,40.0366666667,116.58
DKO,40.3116666667,107.003333333
DL,42.185,116.475
DLC,38.9633333333,121.525
DM,39.7455555556,116.385833333
DN,44.9033333333,110.126666667
DNB,40.0666666667,116.575
DNH,40.1633333333,94.8366666667
DO,33.6166666667,114.641666667
DOGAR,39.1627777778,116.782638889
DOGOG,5.42166666667,114.128333333
DONEN,25.045,100.283333333
DONGY,37.4383333333,118.788333333
DONLA,27.7,104.398333333
DONVO,37.5666666667,123.333333333
DOPNO,35.0,123.45
DORUT,48.2,114.861666667
DOSUT,17.0333333333,113.68
DOTAD,13.995,110.0
DOTIR,1.35166666667,130.163333333
DOTMI,22.7333333333,116.186666667
DOTOS,40.5283333333,111.946666667
DOVAR,18.9333333333,115.816666667
DOVEL,9.21277777778,109.266944444
DOXAS,39.1461111111,116.901666667
DP,34.7747222222,117.368055556
DS,30.2016666667,106.846666667
DSH,30.1483333333,120.5
DULON,2.0,126.061666667
DUMAN,31.42,122.455
DUNAR,14.0583333333,111.765
DX,28.9833333333,117.483333333
DY,39.4,102.816666667
DYG,29.1066666667,110.438333333
EGANA,23.96,113.818333333
EGEMU,17.0,111.283333333
ELAGO,30.8,122.183333333
ELANG,0.933333333333,114.830555556
ELATO,22.3333333333,117.5
ELKAL,26.095,108.395
ELNEX,29.6316666667,119.49
ELPUN,46.3083333333,121.071666667
ENH,30.2933333333,109.6
ENKUS,24.6483333333,109.853333333
ENVAR,21.9916666667,117.5
EPGAL,31.7466666667,118.098333333
EPGAM,37.2466666667,116.9
EPKAL,17.8583333333,112.955
ERE,43.64,111.955
EREMA,43.0333333333,113.191388889
ESBAG,31.62,119.676666667
ESPIT,2.00333333333,107.44
EXOL,8.18,110.623333333
EXOTO,15.3583333333,111.05
FATOL,0.483333333333,129.18
FB,42.5666666667,124.016666667
FC,37.0333333333,75.5
FD,36.935,120.623333333
FJ,41.5822222222,120.422222222
FJC,29.93,104.303333333
FK,28.625,121.446666667
FKG,44.17,87.9816666667
FL,38.2466666667,114.891666667
FLG,29.6983333333,107.376666667
FM,29.35,111.64
FO,23.1391666667,113.239166667
FOC,25.94,119.661666667
FORBI,39.9083333333,116.341666667
FORMY,0.671666666667,128.393333333
FQG,25.7416666667,119.385
FR,30.6083333333,103.475
FUGOU,34.0583333333,114.466666667
FW,24.3222222222,116.126388889
FX,40.8366666667,111.761944444
FY,35.7583333333,107.645
FYG,32.8816666667,115.728333333
FZ,37.45,121.176666667
GC,34.0583333333,114.466666667
GD,40.455,124.066666667
GF,34.5466666667,108.63
GHN,30.9527777778,104.325833333
GITUM,40.7447777778,116.984333333
GIVIL,19.25,109.833333333
GJ,28.075,112.242777778
GL,39.7633333333,113.186666667
GLN,22.71,114.035
GM,41.235,116.625
GMA,23.5294444444,99.4091666667
GO,36.9316666667,117.215277778
GOLAL,36.7583333333,117.06
GOLOT,40.2083333333,124.508333333
GOMAN,40.22,122.298333333
GONAV,37.21,124.415
GONTA,0.883333333333,123.4
GOPAD,36.38,110.488333333
GOPTO,49.0916666667,87.4666666667
GORAI,4.0,120.733333333
GOSMA,29.3516666667,113.235
GRUPA,20.8455555556,115.949722222
GS,31.65,119.04
GSA,6.07666666667,125.09
GT,35.9216666667,74.3366666667
GTL,0.645,122.848333333
GU,35.105,112.52
GUAN,39.4333333333,116.308333333
GUAVA,22.16,114.06
GUILI,25.2,110.216666667
GULEK,36.4633333333,115.406666667
GUPAD,36.3116666667,110.473333333
GURIN,21.8291666667,113.0
GURNI,32.1533333333,120.978333333
GUTIK,37.3633333333,126.263333333
GUVLA,26.9283333333,116.608333333
GYA,23.0716666667,112.485
GYN,32.3883333333,105.691666667
HALMO,1.145,126.543333333
HANGB,40.2,116.366666667
HB,42.3316666667,118.836666667
HCH,37.6533333333,120.543333333
HD,41.5333333333,113.15
HDH,36.5266666667,114.421666667
HDS,39.4916666667,109.86
HENGA,22.65,114.2
HERON,21.33,113.892777778
HET,40.8483333333,111.821666667
HFE,31.7758333333,117.299722222
HG,37.7216666667,115.708333333
HGH,30.3275,120.229444444
HJ,44.0166666667,89.6333333333
HKG,22.2166666667,114.248333333
HL,49.2088888889,119.793611111
HLD,49.2033333333,119.821666667
HLH,46.1966666667,122.008333333
HM,30.0683333333,115.913333333
HMI,42.8333333333,93.6383333333
HO,35.2033333333,107.775
HONGX,30.3183333333,104.086666667
HRB,45.6283333333,126.258333333
HSH,31.37,121.845
HSN,29.9333333333,122.363333333
HT,25.25,118.008333333
HTN,37.035,79.8683333333
HUA,28.5686111111,121.433888889
HUR,40.3291666667,116.747194444
HW,33.48,118.706666667
HX,26.8616666667,104.28
HXS,30.3183333333,104.086666667
HY,28.5769444444,109.453888889
HYN,28.5783333333,109.451666667
HZ,30.65,113.15
IBAVI,6.57,112.71
ICG,39.1131388889,117.350583333
ID,31.6680555556,118.716944444
IDOSI,19.0,112.5
IDOXO,6.045,113.386666667
IDSEG,27.6816666667,105.686666667
IDSID,27.63,105.11
IGNIS,17.35,111.15
IJ,47.8683333333,134.646666667
IJS,39.1333333333,117.338333333
IKAGA,43.615,129.311666667
IKATA,23.765,117.136666667
IKELA,18.6616666667,112.245
IKENU,29.6333333333,119.416666667
IKITI,45.915,121.235
IKJ,40.8502777778,111.834722222
IKUNI,10.1347222222,107.548888889
ILG,40.0986111111,116.570833333
IML,32.9766666667,112.605
INTIK,43.68,111.901666667
INTXN,24.07,100.576666667
INX,36.2719444444,120.372777778
IOO,10.7177777778,122.545833333
IPROP,16.8383333333,110.0
ISBAN,19.0,114.388333333
ISGOD,38.2883333333,114.098333333
ITBAM,16.6666666667,109.601666667
JA,30.4852777778,111.566666667
JB,39.0443055556,116.197194444
JBALT,39.0899166667,116.201083333
JBX,37.2095,116.044305556
JD,32.4766666667,119.583333333
JDZ,29.3416666667,117.175
JF,29.6,120.813333333
JG,30.19,78.1744444444
JH,29.0833333333,119.616666667
JHG,21.8616666667,100.933333333
JIG,35.53,105.721666667
JIN,41.1016666667,121.058333333
JIU,29.4583333333,115.785
JK,20.0183333333,110.263333333
JMU,46.84,130.463333333
JN,37.4330555556,121.406111111
JNJ,24.8033333333,118.595
JR,39.7211111111,116.098333333
JS,39.1722222222,117.318888889
JSL,5.9,116.033611111
JSPNT,40.1,116.816666667
JTA,37.1966666667,104.078333333
JTG,30.8733333333,104.391666667
JUNDS,40.2330555556,116.325
JW,25.0083333333,110.016666667
JY,41.065,123.12
KABAN,14.1583333333,121.456666667
KABAY,6.45166666667,125.286666667
KABOT,30.5716666667,121.721666667
KADMO,4.18333333333,114.128333333
KAGAK,49.2666666667,118.1
KAGIP,37.6666666667,122.0
KAKAT,42.1833333333,118.255
KALNO,39.2,119.9
KAMIN,2.57833333333,108.926666667
KAMSO,24.6683333333,109.84
KAMUD,41.5666666667,78.8333333333
KAPLI,21.1666666667,117.5
KATGU,1.385,107.096666667
KC,23.7291666667,109.229166667
KCA,41.7116666667,82.995
KD,38.9533333333,121.591666667
KEITH,21.0047222222,134.944166667
KG,29.9175,113.693888889
KH,44.6,82.9166666667
KHG,39.545,76.0216666667
KHN,28.4283333333,115.921666667
KI,43.5833333333,77.4833333333
KILOG,21.8741666667,114.693611111
KITAN,8.09666666667,124.876666667
KJ,40.8683333333,111.89
KM,40.3893888889,115.498
KMALT,40.3619166667,115.518722222
KMG,25.03,102.738333333
KMX,40.9469166667,112.331277778
KN,27.745,120.651666667
KOW,25.8233333333,114.913333333
KR,39.1433333333,114.598333333
KUDAT,6.90833333333,116.833333333
KURUM,40.1,74.0916666667
KW,36.5216666667,114.425
KWE,26.5216666667,106.793333333
KWL,25.2122222222,110.035833333
KX,30.4744444444,114.309722222
KY,41.7066666667,123.745
KYU,42.635,124.006666667
LA,30.0038888889,122.405277778
LADIX,39.1294444444,116.992388889
LADOP,0.0,119.453333333
LAGOT,7.275,111.545
LAIYA,13.5763888889,121.395277778
LAMEN,31.61,124.0
LAMOK,9.90166666667,123.75
LAO,18.1816666667,120.53
LAPEN,23.6916666667,113.616666667
LATUX,35.5333333333,120.733333333
LBN,23.73,109.23
LC,39.9983333333,119.781666667
LD,29.5222222222,115.841666667
LEBAK,36.0,93.2583333333
LEPNI,43.9233333333,128.85
LEVBA,27.9483333333,100.0
LEYAG,36.935,120.623333333
LG,40.1383333333,116.563333333
LG1,32.335,111.71
LG2,39.5516666667,76.0766666667
LH,21.1333333333,110.335
LHD,5.025,118.34
LIG,27.6283333333,113.528333333
LIGHT,44.5,91.25
LIMES,22.1072222222,113.775833333
LINSO,23.375,98.9166666667
LIP,13.9566666667,121.131666667
LIU,24.2016666667,109.391666667
LJ,47.195,123.946666667
LJB,43.7716666667,125.85
LJG,26.2216666667,119.548333333
LKC,22.3788888889,113.883888889
LKO,29.915,113.695
LLC,28.0666666667,112.21
LM,29.7805555556,121.541388889
LMN,23.6486111111,114.328055556
LNY,35.05,118.413333333
LO,23.09,113.853333333
LOAY,9.48333333333,123.995
LOGAN,20.2655555556,114.366944444
LOLOT,0.4,117.143333333
LOSPO,34.6833333333,114.766666667
LOTUS,22.3883333333,114.185
LP,43.8780555556,125.394444444
LQ,23.0911111111,113.885277778
LR,40.6416666667,117.098333333
LRA,40.65,117.25
LRALT,40.5975,117.047833333
LRB,40.9333333333,117.25
LRC,40.7916666667,117.5
LRD,40.875,117.5
LRE,41.0,118.0
LRF,41.0833333333,118.0
LRG,41.0,116.833333333
LRH,41.0,116.8
LRI,41.0416666667,117.991666667
LRJ,41.0416666667,118.008333333
LRU,34.15,112.843333333
LRX,42.9081111111,119.012111111
LRZ,40.5607777778,116.950805556
LS,45.45,126.211666667
LSO,22.9833333333,97.75
LTA,13.8683333333,121.808333333
LUANG,0.258333333333,123.913333333
LUCG,34.8783333333,117.761666667
LUCHE,34.8716666667,117.761666667
LUM,24.41,98.5383333333
LUMKO,28.4866666667,113.59
LUVAR,32.6016666667,99.0
LUX,39.74,118.726666667
LXA,29.3,91.0
LXI,24.54,103.741666667
LXS,29.0283333333,105.1
LYA,34.74,112.395
LYG,34.5916666667,118.885
LZ,27.6397222222,113.535
LZH,28.8533333333,105.385
MA,22.2219444444,113.465
MABAG,24.3133333333,114.506666667
MADON,2.28666666667,117.4
MAGOG,22.2883333333,115.823333333
MAGON,39.4566666667,116.236666667
MAKDA,27.2708333333,135.850555556
MAKIB,27.6516666667,119.103333333
MAKNO,38.4633333333,121.148333333
MAKUL,24.0516666667,100.576666667
MAMOK,4.085,115.786666667
MAMSI,25.1916666667,110.225
MANGO,21.6136111111,114.514722222
MANGS,40.27,116.277777778
MANLI,49.5833333333,117.45
MANSA,41.79,115.563333333
MAPDO,32.61,138.648333333
MAPMU,37.2066666667,110.638333333
MARDA,14.1216666667,114.0
MB,31.5886111111,120.318333333
MBT,12.3694444444,123.629166667
MC,41.6383333333,86.075
MCU,22.1355555556,113.597777778
MD,1.555,124.928055556
MEGOM,6.715,125.431666667
MELON,22.2694444444,115.013055556
MENOR,46.4966666667,114.031666667
MEPAN,24.1083333333,105.703333333
MEPOG,21.86,112.546666667
METAN,30.265,121.213333333
MEVER,40.4666666667,113.883333333
MEVIN,21.0044444444,122.548611111
MH,22.4166666667,113.785
MIDOX,31.3633333333,115.88
MIGUG,15.2733333333,114.0
MIMIK,2.0,133.283333333
MINOR,12.2938888889,122.278055556
MIRRS,22.4047222222,114.235833333
MJ,45.66,126.3
MJE,34.1191666667,139.498333333
ML,32.9183333333,112.548333333
MLT,20.1533333333,110.675
MNO,1.555,124.928333333
MOLLY,4.0,123.718333333
MONBO,14.5,113.428333333
MORIT,42.0333333333,102.816666667
MOTOM,24.6816666667,109.815
MTL,20.1516666667,110.673333333
MUBEL,24.2066666667,111.275
MUDAL,36.85,123.366666667
MULET,21.5838888889,113.797777778
MUMAN,34.1083333333,96.5
MUREL,24.205,111.276666667
MV,40.3111111111,107.002777778
MXZ,24.2636111111,116.095833333
MYC,24.7861111111,125.301111111
MYG,31.4338888889,104.731666667
MZL,49.3283333333,117.645
NANAS,9.79166666667,122.983333333
NCH,28.8833333333,115.91
NDG,47.2433333333,123.92
NF,27.21,116.56
NG,43.3683333333,128.2
NGB,29.8283333333,121.461666667
NH,31.0780555556,121.573055556
NHW,31.08,121.573333333
NIKET,18.5716666667,118.356666667
NIKUN,27.9883333333,106.713333333
NIMIX,1.415,107.99
NINAS,31.0,122.25
NIS,2.24833333333,111.996666667
NIVUX,26.0,100.0
NIXAL,43.2116666667,110.883333333
NJIN1,37.65,116.8
NJIN2,37.6166666667,116.8
NKG,31.995,118.811666667
NL,22.3666666667,106.866666667
NLG,22.5316666667,113.563333333
NNG,22.6183333333,108.186666667
NNX,25.0986111111,114.2725
NO,32.0733333333,112.275
NOB,21.2133333333,105.833333333
NODOG,24.5733333333,111.295
NOLEP,38.575,88.7083333333
NOMAR,23.5083333333,113.856666667
NONIT,38.68,113.933333333
NOPIK,37.315,125.658333333
NS,25.0983333333,114.273333333
NSE,31.7466666667,118.865
NSH,33.32,108.313333333
NTG,32.065,120.98
NUGLA,35.7866666667,109.376666667
NUKTI,41.8766666667,95.2283333333
NW,21.2552777778,110.346666667
NX,36.3286111111,120.353611111
NYB,20.015,110.138333333
NYNT,39.7455555556,116.385833333
OB,40.2866666667,116.53
OBLIK,32.33,114.523333333
OBTYV,40.6638888889,116.6375
OC,38.4533333333,114.555
OCEAN,21.8119444444,114.813333333
OCJB,38.7823888889,115.46825
OCORO,10.4266666667,121.406666667
OD,34.6,108.918333333
OF,32.6733333333,118.578333333
OGOMO,30.8166666667,104.93
OJ,24.8622222222,118.630555556
OKADA,1.56666666667,112.633333333
OKTON,39.1461111111,116.901666667
OKVUM,36.4783333333,110.51
OLKIT,4.83666666667,111.855
OMBAR,21.9533333333,109.155
OMBON,33.3566666667,104.271666667
OMLIP,27.71,104.286666667
ONEMI,25.7516666667,110.608333333
OR,40.1219444444,116.588888889
OSCAR,21.8505555556,114.240277778
OSH,40.6083333333,72.7933333333
OSIKA,22.8666666667,110.545
OT,3.325,117.57
OTABO,44.45,123.926666667
OU,36.2,113.116666667
OX,23.8991666667,106.648611111
OY,43.88,87.3666666667
P01,22.1583333333,111.458333333
P02,35.0216666667,118.933333333
P03,22.76,114.531666667
P04,27.075,102.495
P05,38.6983333333,109.771666667
P06,40.2216666667,119.178333333
P07,38.1083333333,119.536666667
P08,23.1566666667,114.501666667
P09,38.25,120.986666667
P10,25.0933333333,118.618333333
P101,22.0166666667,111.311666667
P102,20.5,110.293333333
P104,39.0,107.433333333
P106,35.6377777778,112.81
P108,25.1633333333,106.718333333
P11,32.1633333333,107.843333333
P110,44.1916666667,116.565
P111,42.045,116.165
P114,36.4633333333,115.406666667
P115,32.59,113.04
P116,38.6133333333,120.235
P118,25.7066666667,107.711666667
P12,39.5966666667,108.223333333
P122,37.285,116.988333333
P124,32.0733333333,108.416666667
P125,22.32,109.363333333
P126,28.0833333333,113.388333333
P127,29.3083333333,109.395
P13,20.5,109.716666667
P130,38.7,116.29
P131,38.7019444444,116.761666667
P132,27.34,119.748333333
P133,39.0,118.5
P135,39.5416666667,112.333333333
P136,39.4816666667,112.165
P137,26.9916666667,102.325
P138,35.6133333333,113.396666667
P14,37.0183333333,110.631666667
P140,28.2016666667,107.426666667
P141,26.4283333333,109.021666667
P147,25.3833333333,115.593333333
P15,20.8833333333,109.383333333
P153,39.9083333333,113.378333333
P154,23.32,115.765
P155,22.8966666667,115.888333333
P157,26.5,113.863333333
P158,24.7,109.776666667
P16,35.8333333333,113.261666667
P161,38.735,113.888333333
P163,24.6733333333,115.408333333
P164,37.39,116.936666667
P165,29.4883333333,110.17
P166,24.4133333333,111.283333333
P169,25.3416666667,118.918333333
P17,24.1166666667,117.533333333
P176,26.4033333333,117.785
P177,40.175,121.485
P18,37.2066666667,116.798333333
P180,29.6166666667,120.233333333
P181,34.71,117.131666667
P182,34.72,117.2
P183,34.8166666667,117.76
P189,36.7683333333,116.906666667
P19,20.955,111.055
P198,31.2083333333,119.41
P199,29.9833333333,121.05
P20,22.7383333333,109.325
P200,29.6416666667,119.315
P201,40.915,93.8466666667
P202,40.765,93.6316666667
P204,42.5266666667,91.6833333333
P205,42.3316666667,90.4483333333
P206,30.41,117.198333333
P207,42.8816666667,91.1983333333
P209,39.5333333333,108.331666667
P21,25.25,118.008333333
P210,27.775,100.346666667
P211,28.16,99.58
P212,37.005,119.878333333
P214,28.0833333333,118.5
P215,28.0616666667,117.551666667
P216,27.825,107.766666667
P217,27.055,108.46
P218,36.7666666667,119.633333333
P219,38.4466666667,106.133333333
P22,28.45,120.716666667
P220,44.8333333333,86.8
P221,45.125,86.2833333333
P222,43.6383333333,85.8416666667
P223,33.9416666667,117.183333333
P224,45.3916666667,125.798333333
P225,34.0233333333,110.525
P226,33.4116666667,115.841666667
P227,33.8333333333,115.933333333
P228,34.0,117.181666667
P229,27.645,104.961666667
P23,28.7419444444,120.726944444
P230,29.9116666667,117.083333333
P231,29.8966666667,117.188333333
P232,31.005,96.6233333333
P233,32.0983333333,108.263333333
P234,31.9,109.516666667
P235,31.075,109.883333333
P236,29.1666666667,121.066666667
P237,28.6233333333,121.113333333
P238,41.575,121.183333333
P239,37.62,101.0
P24,34.1383333333,110.455
P240,39.5833333333,96.2633333333
P241,38.9766666667,97.7433333333
P242,36.8166666667,102.911666667
P243,28.855,120.75
P244,32.3366666667,104.321666667
P246,26.5833333333,111.173333333
P247,31.4333333333,104.366666667
P248,31.4,105.251666667
P249,27.86,118.661666667
P25,28.9833333333,117.483333333
P250,35.175,119.453333333
P252,34.7883333333,113.668333333
P253,38.4166666667,118.916666667
P254,38.5166666667,118.65
P255,37.87,118.743333333
P256,37.6233333333,119.696666667
P257,43.2533333333,81.8666666667
P258,42.0816666667,80.895
P259,31.7516666667,107.066666667
P26,38.8783333333,90.9583333333
P260,28.3766666667,115.520555556
P261,27.75,115.656944444
P262,29.75,117.184166667
P263,28.9225,117.297777778
P264,28.355,115.361666667
P265,43.4166666667,86.4166666667
P266,31.1041666667,107.593333333
P267,27.2766666667,101.338333333
P27,40.465,97.4016666667
P278,44.4166666667,123.861666667
P279,35.2016666667,112.57
P28,36.8516666667,107.116666667
P285,36.68,115.096666667
P286,37.7166666667,116.673333333
P289,38.895,116.791666667
P29,34.06,106.495
P290,40.0616666667,119.028333333
P298,38.9033333333,118.47
P30,29.0833333333,119.616666667
P31,29.3333333333,115.751666667
P32,29.3466666667,111.578333333
P33,29.3516666667,117.808333333
P34,29.3858333333,116.6475
P35,35.6116666667,106.405
P36,30.0683333333,115.913333333
P38,31.405,112.14
P39,32.1766666667,115.566666667
P40,32.175,107.773333333
P41,32.4766666667,119.583333333
P43,32.9466666667,119.168333333
P44,33.48,118.706666667
P45,33.95,118.308333333
P46,34.0166666667,118.065
P47,27.295,117.168333333
P48,27.5433333333,117.698333333
P49,29.21,118.115
P51,30.89,115.9
P52,34.4383333333,112.191666667
P53,32.2183333333,109.778333333
P54,28.355,115.361666667
P55,27.9716666667,115.74
P56,29.1,115.833333333
P58,34.8783333333,117.761666667
P59,26.3766666667,109.64
P60,35.075,117.7
P61,29.5083333333,109.625
P62,33.5366666667,110.865
P63,33.9366666667,110.585
P64,35.6016666667,117.038333333
P65,36.3166666667,120.016666667
P66,38.1833333333,115.195
P67,38.87,121.83
P68,39.875,124.141666667
P69,42.185,116.475
P72,26.0366666667,105.21
P74,35.0866666667,119.371666667
P75,31.915,118.058333333
P81,28.2266666667,114.358333333
P84,26.2116666667,117.99
P86,37.0833333333,116.476666667
P89,37.0833333333,116.476666667
P93,24.1466666667,116.85
P96,29.7916666667,115.551666667
P98,38.25,120.351666667
PA,25.4066666667,110.058333333
PADNO,35.8466666667,113.293333333
PAMDA,38.8033333333,119.061666667
PAPA,21.9783333333,113.656666667
PAPSA,1.19833333333,110.141666667
PEK,40.0494166667,116.733916667
PENDO,4.0,125.35
PERCH,21.5097222222,113.922777778
PEXUN,30.9316666667,100.0
PH,23.365,113.37
PIKAS,32.1666666667,120.733333333
PILAX,2.315,111.39
PIMOL,32.2466666667,119.778333333
PINGT,40.3083333333,116.758333333
PINOT,31.45,122.45
PIX,34.3138888889,117.979166667
PK,31.285,121.331666667
PLOVE,22.4183333333,114.2325
PM,38.075,116.55
PN,1.555,124.928333333
POKOR,42.045,116.165
POLHO,44.7833333333,113.25
POMOK,31.45,121.116666667
POTID,33.3583333333,121.545
POU,23.0216666667,113.191666667
POXEL,4.64833333333,130.928333333
PQ,23.3616666667,116.7
PRAWN,22.2680555556,113.811111111
PS,29.1308333333,110.571111111
PSH,40.5333333333,111.95
PSN,34.3133333333,117.978333333
PT,37.1958333333,104.075
PU,41.5083333333,123.291666667
PUD,31.1705555556,121.781666667
PURPA,36.9416666667,75.4083333333
PUSIT,11.0,121.298333333
PV,25.5716666667,116.698333333
QC,37.2511111111,122.252777778
QD,50.1016666667,127.336666667
QI,35.5230555556,105.719722222
QIM,38.15,85.535
QIY,35.7983333333,107.598333333
QJ,26.4533333333,106.525
QJG,29.0483333333,106.655
QM,23.1052777778,113.144722222
QM1,44.6013888889,129.621111111
QNX,27.0433333333,106.028333333
QP,24.6583333333,110.791666667
QU,39.9925,116.609722222
QV,46.1530555556,122.057222222
QX,23.255,113.305
QY,26.8583333333,112.618333333
RA,33.8783333333,109.928333333
RC,38.45,106.146666667
RENOB,39.7503055556,115.447333333
RENQU,38.7,116.083333333
REPOL,37.6233333333,119.696666667
REVKI,42.5416666667,80.22
RG,31.15,97.175
RIVER,22.4022222222,114.181666667
RL,30.6316666667,114.28
RM,43.93,87.5866666667
RO,25.77,109.605
ROMEO,21.8633333333,113.448333333
ROX,11.5966666667,122.753333333
RP,28.62,115.706666667
RPITO,29.5833333333,124.0
RQ,33.3233333333,108.311666667
RS,43.9533333333,126.311666667
RULOP,41.2416666667,118.626666667
RUMBO,0.121666666667,125.781666667
RUPOX,27.1166666667,120.195
RW,22.3266666667,114.191666667
RZ,36.3047222222,113.135
SABED,28.3416666667,105.87
SABEM,41.0,117.166666667
SABGU,25.4933333333,134.991666667
SABIP,2.16166666667,107.845
SADAN,40.0766666667,86.0
SADEK,23.0044444444,123.965
SADLI,31.83,125.0
SAGAG,21.1916666667,101.623333333
SAGUT,35.0,120.72
SAJ,12.3616666667,121.042222222
SAKOD,22.88,113.96
SAKOT,32.5166666667,121.948333333
SALIS,41.9583333333,115.951666667
SAMAS,20.505,110.495
SAMGE,2.0,129.65
SAMMI,22.4666666667,115.961666667
SAMON,19.7433333333,113.660555556
SAN,16.73,120.356666667
SANKO,38.25,122.453333333
SANLI,32.0,100.0
SAPOM,31.9683333333,121.401666667
SARIN,46.865,82.8883333333
SB,31.8366666667,117.231666667
SC,38.4333333333,77.2666666667
SCANG,39.9,117.393333333
SCH,38.4266666667,77.2416666667
SCK,10.4983333333,123.401666667
SEL,37.4116666667,126.931666667
SELGO,40.4783333333,113.086666667
SELSO,4.0,126.265
SESAN,22.5138888889,114.840277778
SEY,41.6416666667,123.478333333
SG,35.3816666667,109.113333333
SHA,31.1977777778,121.332777778
SHANP,30.6433333333,104.13
SHENZ,38.1833333333,115.195
SHK,22.4983333333,113.901666667
SHL,23.0916666667,113.851666667
SHR,28.4183333333,117.968333333
SHREE,5.65,131.156666667
SHX,33.875,109.935
SHY,30.9516666667,121.863333333
SIA,34.4488888889,108.750833333
SIERA,21.985,113.553333333
SIKOU,20.8433333333,111.5
SIMLI,50.29,127.368333333
SJ,35.075,117.7
SJW,38.2816666667,114.7
SK,29.3516666667,117.808333333
SL,25.4466666667,103.29
SMT,22.3375,113.981944444
SN,5.90833333333,118.071388889
SNAPA,21.8488888889,115.856666667
SOKOE,22.0780555556,113.843888889
SOSDI,40.1133611111,115.492055556
SOSOK,0.92,126.476666667
SP,50.3697222222,124.11
SQ,36.2391666667,113.115833333
SQ1,28.84,118.688333333
SU,33.95,118.308333333
SUBUL,32.3283333333,106.71
SUKAR,12.3666666667,110.898333333
SUPAR,30.035,120.876666667
SURAH,6.325,124.758333333
SV,28.2183333333,113.346666667
SWA,23.4391666667,116.767777778
SX,30.8866666667,120.416666667
SYX,18.3083333333,109.171666667
SZ,40.52,112.496666667
SZ1,28.0833333333,119.566666667
SZTZH,40.4465555556,113.071166667
SZX,22.6466666667,113.801666667
SZY,40.0998055556,116.460472222
TA,48.7716666667,2.0975
TAAL,14.0566666667,121.025
TAC,11.2341666667,125.026388889
TAIZH,30.0033333333,93.075
TAJ,39.1116666667,117.356666667
TAJI,32.95,119.151944444
TAMOT,22.3583333333,113.866666667
TAO,36.2875,120.368333333
TAPER,12.3163888889,121.852777778
TAVIT,44.8083333333,125.778333333
TAXON,30.0038888889,137.238888889
TBOLI,6.14333333333,124.851666667
TD,22.2477777778,114.293055556
TDHET,42.5833333333,100.416666667
TDTYN,42.5833333333,100.416666667
TEBAK,22.175,106.675
TEBUS,47.4183333333,90.4616666667
TELOK,49.6333333333,117.366666667
TEMOL,35.3866666667,94.2916666667
TEMON,2.0,127.548333333
TEMP,39.8333333333,115.865833333
TEPOD,47.8,122.771666667
TERIX,4.25666666667,109.581666667
TESAN,47.0283333333,89.7966666667
TF,27.45,109.7
TGINA,36.7583333333,117.06
TGO,43.5583333333,122.196666667
THETE,42.5833333333,100.416666667
THETW,42.5833333333,100.416666667
TILLY,17.1941666667,133.956111111
TJHCH,39.03,117.531666667
TJLUX,39.155,117.455
TMA,4.32333333333,115.513333333
TMONG,42.5833333333,100.416666667
TMR,41.845,113.151666667
TMRPO,43.0333333333,113.2
TMS,31.0733333333,121.15
TNA,36.86,117.216666667
TODAM,39.4916666667,112.2
TOGUG,29.2,122.533333333
TOL,29.765,119.66
TOMUK,38.7166666667,124.0
TONAD,26.4616666667,105.026666667
TONAX,37.7583333333,90.1883333333
TONIL,39.9,117.393333333
TOREG,31.3583333333,106.063333333
TOS,34.095,117.196666667
TOSEN,1.87166666667,107.096666667
TOSTY,1.10833333333,123.32
TQ,50.7,121.391666667
TRK,3.325,117.57
TRN,27.87,109.293333333
TROUT,20.9813888889,113.843611111
TSN,10.8163888889,106.645555556
TWU,4.325,118.139722222
TX,39.7416666667,118.783333333
TXI,39.7416666667,118.783333333
TXN,29.7366666667,118.253333333
TY,43.8666666667,125.266666667
TYN,37.7519444444,112.618333333
TZH,40.4091666667,114.051944444
TZS,30.6433333333,104.13
UC,49.1997222222,119.963611111
UDA,47.8683333333,106.733333333
UDEGO,3.93,114.495
UDINO,34.8216666667,117.795
UF,22.7183333333,100.97
UG,47.7011111111,128.826388889
UJ,21.885,113.258333333
UK,30.2883333333,112.271666667
UKAXU,43.4533333333,128.585
UKIBA,5.31333333333,115.036666667
UL,39.2633333333,121.605555556
UNDUR,49.33,110.363333333
UNKN,39.045,116.196666667
UNTAN,32.2083333333,120.291666667
URC,43.9083333333,87.4733333333
UW,30.9833333333,101.116666667
UY,22.5833333333,108.133333333
UYN,38.2683333333,109.718333333
VB,24.2055555556,113.410277778
VERDE,13.505,121.026666667
VIDIP,5.685,115.168333333
VIKAP,21.5216666667,113.533333333
VIMAG,5.025,118.34
VISIN,35.425,106.39
VJN,5.9,116.033333333
VKG,1.47333333333,110.308333333
VL,30.7633333333,111.84
VM,39.2916666667,116.901666667
VMB,31.59,120.328333333
VMI,4.33833333333,113.991666667
VQ,25.56,110.476666667
VSB,2.24833333333,111.996666667
VSN,5.90833333333,118.071666667
VTV,10.3708333333,107.1025
VTW,4.325,118.14
VW,29.9283333333,104.301666667
VX,49.2352777778,125.340833333
VYK,39.1932777778,116.573527778
VZ,47.7266666667,88.1633333333
WA,24.35,114.111666667
WB,31.1216666667,121.34
WC,33.0716666667,107.008333333
WD,37.6569444444,112.779722222
WEH,37.185,122.225
WF,39.945,116.871666667
WFG,36.645,119.121666667
WFX,30.605,104.49
WG,41.17,121.095555556
WHA,30.7833333333,114.203333333
WHALE,21.6786111111,116.661666667
WJ,34.0166666667,118.065
WL,18.49,109.403333333
WP,45.5616666667,84.9116666667
WQ,28.4694444444,115.929444444
WQG,43.295,129.785
WRNNR,11.1633333333,132.466666667
WS,29.7816666667,118.185
WUH,39.795,106.796666667
WX,29.5166666667,106.661666667
WXI,36.3633333333,114.916666667
WY,30.1225,120.201666667
WYN,24.3486111111,114.113055556
WYS,27.6783333333,117.988333333
WZH,30.8066666667,108.428333333
XEBUL,24.2833333333,114.85
XF,41.2666666667,80.2283333333
XIC,27.9983333333,102.18
XJC,31.3516666667,121.11
XJD,35.9519444444,120.224722222
XJT,35.9630555556,120.238611111
XJTCU,40.0333333333,116.272777778
XK,23.0208333333,113.191111111
XL,28.3755555556,115.916388889
XM,37.1402777778,122.208333333
XMN,24.5416666667,118.121666667
XNN,36.5283333333,102.031666667
XQ,31.1261111111,121.460555556
XSH,30.4366666667,115.268333333
XUZ,34.0608333333,117.548055556
XYO,28.1716666667,105.421666667
XZ,30.5011111111,109.612222222
YAV,36.685,109.635
YBL,39.4266666667,102.773333333
YBN,28.8,104.555
YCE,35.12,111.033333333
YCH,33.4230555556,120.203055556
YEU,29.3394444444,120.031944444
YF,37.8755555556,112.652222222
YGT,29.3883333333,116.578333333
YI,21.5913888889,109.436944444
YIH,30.5616666667,111.476666667
YIJ,35.3816666667,109.108333333
YIN,24.2083333333,113.411666667
YJ,23.8633333333,100.083333333
YJI,67.5619444444,-63.9825
YK,39.1894444444,116.573333333
YLX,38.045,109.58
YNC,38.3216666667,106.395
YNJ,42.8825,129.450277778
YNT,37.3866666667,121.356666667
YOSHI,33.1708333333,138.9575
YQ,30.3688888889,112.288888889
YQG,36.8316666667,117.215
YR,43.985,116.015
YS,36.4266666667,119.698333333
YT,28.45,120.716666667
YU,36.6383333333,109.605
YV,40.7324166667,116.634555556
YV2N,40.735,116.636111111
YVL,40.7333333333,116.503611111
YVR,40.7333333333,116.756944444
YW,25.1316666667,110.321666667
YZ,30.6916666667,106.101666667
ZAM,6.91833333333,122.055
ZAO,22.2466666667,113.611666667
ZAT,27.3216666667,103.753333333
ZBPM,38.075,116.55
ZBTX,39.7416666667,118.783333333
ZBUM,39.2916666667,116.901666667
ZBVM,39.2916666667,116.901666667
ZBWF,39.945,116.871666667
ZBYK,39.1833333333,116.583333333
ZENGJ,31.405,112.14
ZF,31.3233333333,114.435
ZGC,36.5133333333,103.623333333
ZHO,33.66,114.64
ZHOE,33.66,114.64
ZHOW,33.66,114.64
ZK,28.0183333333,112.963333333
ZN,40.44,114.083333333
ZP,24.1166666667,117.533333333
ZQ,40.5636111111,110.013055556
ZS,31.9433333333,119.71
ZSPX,34.3066666667,117.961666667
ZUH,22.2233333333,113.465
ZW,30.4983333333,103.91
ZX,29.29,120.008333333
ZYBK,39.1833333333,116.583333333
ZYCY,41.5833333333,120.421666667
ZYG,30.1166666667,104.675
